Code service CH;Reference document;1 Articles CGI;2 Articles CGI;3 Articles CGI;4 Articles CGI;5 Articles CGI;No disposition;Date mutation;Nature mutation;Valeur fonciere;No voie;B/T/Q;Type de voie;Code voie;Voie;Code postal;Commune;Code departement;Code commune;Prefixe de section;Section;No plan;No Volume;1er lot;Surface Carrez du 1er lot;2eme lot;Surface Carrez du 2eme lot;3eme lot;Surface Carrez du 3eme lot;4eme lot;Surface Carrez du 4eme lot;5eme lot;Surface Carrez du 5eme lot;Nombre de lots;Code type local;Type local;Identifiant local;Surface reelle bati;Nombre pieces principales;Nature culture;Nature culture speciale;Surface terrain;Code parcelle;Code INSEE;Section prefixe;groupe
"None";"None";"None";"None";"None";"None";"None";"000001";"2014-01-16";"Vente";"102904";"38";"None";"RUE";"3230";"SAINT CORNEILLE";"60200";"COMPIEGNE";"60";"159";"None";"BL";"52";"None";"3";"34";"None";"None";"None";"None";"None";"None";"None";"None";"1";"2.0";"Appartement";"None";"40.0";"2.0";"None";"None";"nan";"60159000BL0052";"60159";"000BL";0
"None";"None";"None";"None";"None";"None";"None";"000001";"2014-01-30";"Vente";"100000";"38";"None";"RUE";"3230";"SAINT CORNEILLE";"60200";"COMPIEGNE";"60";"159";"None";"BL";"52";"None";"4";"26";"None";"None";"None";"None";"None";"None";"None";"None";"1";"2.0";"Appartement";"None";"35.0";"2.0";"None";"None";"nan";"60159000BL0052";"60159";"000BL";1
"None";"None";"None";"None";"None";"None";"None";"000001";"2014-02-21";"Vente";"114500";"7";"None";"RUE";"0480";"DE BOUVINES";"60200";"COMPIEGNE";"60";"159";"None";"BL";"33";"None";"3";"47";"None";"None";"None";"None";"None";"None";"None";"None";"1";"2.0";"Appartement";"None";"48.0";"2.0";"None";"None";"nan";"60159000BL0033";"60159";"000BL";2
"None";"None";"None";"None";"None";"None";"None";"000001";"2014-02-21";"Vente";"114500";"7";"None";"RUE";"0480";"DE BOUVINES";"60200";"COMPIEGNE";"60";"159";"None";"BL";"33";"None";"19";"0";"None";"None";"None";"None";"None";"None";"None";"None";"1";"3.0";"Dépendance";"None";"0.0";"0.0";"None";"None";"nan";"60159000BL0033";"60159";"000BL";2
"None";"None";"None";"None";"None";"None";"None";"000001";"2014-02-20";"Vente";"135000";"44";"None";"RUE";"1990";"JEANNE D ARC";"60200";"COMPIEGNE";"60";"159";"None";"BL";"42";"None";"3";"47";"4";"None";"None";"None";"None";"None";"None";"None";"2";"2.0";"Appartement";"None";"47.0";"2.0";"None";"None";"nan";"60159000BL0042";"60159";"000BL";4
"None";"None";"None";"None";"None";"None";"None";"000001";"2014-04-03";"Vente";"210000";"19";"None";"RUE";"2660";"DE PARIS";"60200";"COMPIEGNE";"60";"159";"None";"BL";"126";"None";"11";"0";"14";"84";"15";"0";"16";"0";"17";"0";"7";"2.0";"Appartement";"None";"68.0";"3.0";"None";"None";"nan";"60159000BL0126";"60159";"000BL";5
"None";"None";"None";"None";"None";"None";"None";"000001";"2014-04-16";"Vente";"129500";"1";"None";"RUE";"0540";"DES CAPUCINS";"60200";"COMPIEGNE";"60";"159";"None";"BL";"169";"None";"130";"None";"None";"None";"None";"None";"None";"None";"None";"None";"1";"3.0";"Dépendance";"None";"0.0";"0.0";"None";"None";"nan";"60159000BL0169";"60159";"000BL";6
"None";"None";"None";"None";"None";"None";"None";"000001";"2014-04-16";"Vente";"129500";"1";"None";"RUE";"0540";"DES CAPUCINS";"60200";"COMPIEGNE";"60";"159";"None";"BL";"169";"None";"15";"45";"66";"None";"None";"None";"None";"None";"None";"None";"2";"2.0";"Appartement";"None";"45.0";"2.0";"None";"None";"nan";"60159000BL0169";"60159";"000BL";6
"None";"None";"None";"None";"None";"None";"None";"000001";"2014-04-15";"Vente";"140000";"11";"None";"RUE";"0480";"DE BOUVINES";"60200";"COMPIEGNE";"60";"159";"None";"BL";"15";"None";"184";"None";"None";"None";"None";"None";"None";"None";"None";"None";"1";"3.0";"Dépendance";"None";"0.0";"0.0";"None";"None";"nan";"60159000BL0015";"60159";"000BL";8
"None";"None";"None";"None";"None";"None";"None";"000001";"2014-04-15";"Vente";"140000";"10";"None";"RUE";"2767";"PHILIPPE AUGUSTE";"60200";"COMPIEGNE";"60";"159";"None";"BL";"15";"None";"116";"60";"None";"None";"None";"None";"None";"None";"None";"None";"1";"2.0";"Appartement";"None";"60.0";"2.0";"None";"None";"nan";"60159000BL0015";"60159";"000BL";8
"None";"None";"None";"None";"None";"None";"None";"000001";"2014-05-09";"Vente";"1000";"4";"None";"RUE";"2690";"PASTEUR";"60200";"COMPIEGNE";"60";"159";"None";"BL";"114";"None";"9";"None";"None";"None";"None";"None";"None";"None";"None";"None";"1";"2.0";"Appartement";"None";"89.0";"5.0";"None";"None";"nan";"60159000BL0114";"60159";"000BL";10
"None";"None";"None";"None";"None";"None";"None";"000001";"2014-06-26";"Vente";"445000";"26";"None";"RUE";"0890";"DES CORDELIERS";"60200";"COMPIEGNE";"60";"159";"None";"BL";"192";"None";"None";"None";"None";"None";"None";"None";"None";"None";"None";"None";"0";"1.0";"Maison";"None";"210.0";"6.0";"S";"None";"393.0";"60159000BL0192";"60159";"000BL";11
"None";"None";"None";"None";"None";"None";"None";"000001";"2014-07-12";"Vente";"700000";"5";"None";"RUE";"3200";"SAINT ANTOINE";"60200";"COMPIEGNE";"60";"159";"None";"BL";"79";"None";"None";"None";"None";"None";"None";"None";"None";"None";"None";"None";"0";"1.0";"Maison";"None";"46.0";"3.0";"S";"None";"584.0";"60159000BL0079";"60159";"000BL";12
"None";"None";"None";"None";"None";"None";"None";"000001";"2014-07-12";"Vente";"700000";"5";"None";"RUE";"3200";"SAINT ANTOINE";"60200";"COMPIEGNE";"60";"159";"None";"BL";"79";"None";"None";"None";"None";"None";"None";"None";"None";"None";"None";"None";"0";"1.0";"Maison";"None";"139.0";"6.0";"S";"None";"584.0";"60159000BL0079";"60159";"000BL";12
"None";"None";"None";"None";"None";"None";"None";"000001";"2014-07-17";"Vente";"315000";"36";"B";"RUE";"2660";"DE PARIS";"60200";"COMPIEGNE";"60";"159";"None";"BL";"164";"None";"None";"None";"None";"None";"None";"None";"None";"None";"None";"None";"0";"1.0";"Maison";"None";"75.0";"4.0";"S";"None";"134.0";"60159000BL0164";"60159";"000BL";14
"None";"None";"None";"None";"None";"None";"None";"000001";"2014-07-22";"Vente";"515000";"3";"B";"RUE";"2690";"PASTEUR";"60200";"COMPIEGNE";"60";"159";"None";"BL";"105";"None";"None";"None";"None";"None";"None";"None";"None";"None";"None";"None";"0";"1.0";"Maison";"None";"160.0";"11.0";"S";"None";"116.0";"60159000BL0105";"60159";"000BL";15
"None";"None";"None";"None";"None";"None";"None";"000001";"2014-07-24";"Vente";"430000";"46";"None";"RUE";"1990";"JEANNE D ARC";"60200";"COMPIEGNE";"60";"159";"None";"BL";"44";"None";"None";"None";"None";"None";"None";"None";"None";"None";"None";"None";"0";"1.0";"Maison";"None";"94.0";"4.0";"S";"None";"105.0";"60159000BL0044";"60159";"000BL";16
"None";"None";"None";"None";"None";"None";"None";"000001";"2014-07-24";"Vente";"430000";"46";"None";"RUE";"1990";"JEANNE D ARC";"60200";"COMPIEGNE";"60";"159";"None";"BL";"44";"None";"None";"None";"None";"None";"None";"None";"None";"None";"None";"None";"0";"4.0";"Local industriel. commercial ou assimilé";"None";"98.0";"0.0";"S";"None";"105.0";"60159000BL0044";"60159";"000BL";16
"None";"None";"None";"None";"None";"None";"None";"000001";"2014-08-09";"Vente";"66500";"7";"None";"RUE";"0480";"DE BOUVINES";"60200";"COMPIEGNE";"60";"159";"None";"BL";"33";"None";"14";"None";"7";"None";"None";"None";"None";"None";"None";"None";"2";"2.0";"Appartement";"None";"28.0";"1.0";"None";"None";"nan";"60159000BL0033";"60159";"000BL";18
"None";"None";"None";"None";"None";"None";"None";"000001";"2014-08-01";"Vente";"81000";"1";"None";"RUE";"0540";"DES CAPUCINS";"60200";"COMPIEGNE";"60";"159";"None";"BL";"169";"None";"52";"26";"None";"None";"None";"None";"None";"None";"None";"None";"1";"2.0";"Appartement";"None";"25.0";"1.0";"None";"None";"nan";"60159000BL0169";"60159";"000BL";19
"None";"None";"None";"None";"None";"None";"None";"000001";"2014-08-01";"Vente";"81000";"1";"None";"RUE";"0540";"DES CAPUCINS";"60200";"COMPIEGNE";"60";"159";"None";"BL";"169";"None";"86";"0";"None";"None";"None";"None";"None";"None";"None";"None";"1";"3.0";"Dépendance";"None";"0.0";"0.0";"None";"None";"nan";"60159000BL0169";"60159";"000BL";19
"None";"None";"None";"None";"None";"None";"None";"000001";"2014-08-01";"Vente";"81000";"1";"None";"RUE";"0540";"DES CAPUCINS";"60200";"COMPIEGNE";"60";"159";"None";"BL";"169";"None";"161";"0";"None";"None";"None";"None";"None";"None";"None";"None";"1";"3.0";"Dépendance";"None";"0.0";"0.0";"None";"None";"nan";"60159000BL0169";"60159";"000BL";19
"None";"None";"None";"None";"None";"None";"None";"000001";"2014-08-30";"Vente";"155000";"1";"None";"PL";"3190";"SAINT ANTOINE";"60200";"COMPIEGNE";"60";"159";"None";"BL";"117";"None";"1";"None";"101";"None";"102";"None";"201";"None";"202";"None";"8";"4.0";"Local industriel. commercial ou assimilé";"None";"87.0";"0.0";"None";"None";"nan";"60159000BL0117";"60159";"000BL";22
"None";"None";"None";"None";"None";"None";"None";"000001";"2014-08-30";"Vente";"155000";"1";"None";"PL";"3190";"SAINT ANTOINE";"60200";"COMPIEGNE";"60";"159";"None";"BL";"117";"None";"206";"None";"None";"None";"None";"None";"None";"None";"None";"None";"1";"nan";"None";"None";"nan";"nan";"S";"None";"167.0";"60159000BL0117";"60159";"000BL";22
"None";"None";"None";"None";"None";"None";"None";"000001";"2014-08-30";"Vente";"245000";"10";"None";"RUE";"2767";"PHILIPPE AUGUSTE";"60200";"COMPIEGNE";"60";"159";"None";"BL";"15";"None";"118";"87";"None";"None";"None";"None";"None";"None";"None";"None";"1";"2.0";"Appartement";"None";"89.0";"4.0";"None";"None";"nan";"60159000BL0015";"60159";"000BL";24
"None";"None";"None";"None";"None";"None";"None";"000001";"2014-08-30";"Vente";"245000";"11";"None";"RUE";"0480";"DE BOUVINES";"60200";"COMPIEGNE";"60";"159";"None";"BL";"15";"None";"182";"None";"None";"None";"None";"None";"None";"None";"None";"None";"1";"3.0";"Dépendance";"None";"0.0";"0.0";"None";"None";"nan";"60159000BL0015";"60159";"000BL";24
"None";"None";"None";"None";"None";"None";"None";"000001";"2014-12-20";"Vente";"275000";"36";"None";"RUE";"3230";"SAINT CORNEILLE";"60200";"COMPIEGNE";"60";"159";"None";"BL";"49";"None";"None";"None";"None";"None";"None";"None";"None";"None";"None";"None";"0";"4.0";"Local industriel. commercial ou assimilé";"None";"210.0";"0.0";"S";"None";"68.0";"60159000BL0049";"60159";"000BL";26
"None";"None";"None";"None";"None";"None";"None";"000001";"2014-12-20";"Vente";"275000";"None";"None";"RUE";"3230";"SAINT CORNEILLE";"60200";"COMPIEGNE";"60";"159";"None";"BL";"50";"None";"None";"None";"None";"None";"None";"None";"None";"None";"None";"None";"0";"nan";"None";"None";"nan";"nan";"S";"None";"15.0";"60159000BL0050";"60159";"000BL";26
"None";"None";"None";"None";"None";"None";"None";"000001";"2014-12-20";"Vente";"275000";"11";"None";"RUE";"1710";"DES GOURNEAUX";"60200";"COMPIEGNE";"60";"159";"None";"BL";"51";"None";"None";"None";"None";"None";"None";"None";"None";"None";"None";"None";"0";"3.0";"Dépendance";"None";"0.0";"0.0";"S";"None";"24.0";"60159000BL0051";"60159";"000BL";26
"None";"None";"None";"None";"None";"None";"None";"000002";"2014-12-18";"Vente";"10000";"11";"None";"RUE";"0480";"DE BOUVINES";"60200";"COMPIEGNE";"60";"159";"None";"BL";"15";"None";"157";"None";"None";"None";"None";"None";"None";"None";"None";"None";"1";"3.0";"Dépendance";"None";"0.0";"0.0";"None";"None";"nan";"60159000BL0015";"60159";"000BL";29
"None";"None";"None";"None";"None";"None";"None";"000001";"2015-01-09";"Vente";"146744";"14";"None";"RUE";"3200";"SAINT ANTOINE";"60200";"COMPIEGNE";"60";"159";"None";"BL";"73";"None";"15";"None";"5";"53";"None";"None";"None";"None";"None";"None";"2";"2.0";"Appartement";"None";"56.0";"3.0";"None";"None";"nan";"60159000BL0073";"60159";"000BL";30
"None";"None";"None";"None";"None";"None";"None";"000001";"2015-01-07";"Vente";"118254";"10";"None";"RUE";"2690";"PASTEUR";"60200";"COMPIEGNE";"60";"159";"None";"BL";"140";"None";"13";"None";"23";"None";"31";"None";"None";"None";"None";"None";"3";"2.0";"Appartement";"None";"55.0";"2.0";"None";"None";"nan";"60159000BL0140";"60159";"000BL";31
"None";"None";"None";"None";"None";"None";"None";"000002";"2015-01-07";"Vente";"181431";"6";"None";"IMP";"0390";"BAUDOIN";"60200";"COMPIEGNE";"60";"159";"None";"BL";"140";"None";"1";"None";"17";"None";"18";"None";"19";"None";"None";"None";"4";"2.0";"Appartement";"None";"47.0";"2.0";"None";"None";"nan";"60159000BL0140";"60159";"000BL";32
"None";"None";"None";"None";"None";"None";"None";"000001";"2015-01-22";"Vente";"55000";"11";"None";"RUE";"0480";"DE BOUVINES";"60200";"COMPIEGNE";"60";"159";"None";"BL";"15";"None";"127";"24";"None";"None";"None";"None";"None";"None";"None";"None";"1";"4.0";"Local industriel. commercial ou assimilé";"None";"26.0";"0.0";"None";"None";"nan";"60159000BL0015";"60159";"000BL";33
"None";"None";"None";"None";"None";"None";"None";"000001";"2015-02-02";"Vente";"144000";"11";"None";"RUE";"0480";"DE BOUVINES";"60200";"COMPIEGNE";"60";"159";"None";"BL";"15";"None";"169";"None";"None";"None";"None";"None";"None";"None";"None";"None";"1";"3.0";"Dépendance";"None";"0.0";"0.0";"None";"None";"nan";"60159000BL0015";"60159";"000BL";34
"None";"None";"None";"None";"None";"None";"None";"000001";"2015-02-02";"Vente";"144000";"11";"None";"RUE";"0480";"DE BOUVINES";"60200";"COMPIEGNE";"60";"159";"None";"BL";"15";"None";"186";"None";"None";"None";"None";"None";"None";"None";"None";"None";"1";"3.0";"Dépendance";"None";"0.0";"0.0";"None";"None";"nan";"60159000BL0015";"60159";"000BL";34
"None";"None";"None";"None";"None";"None";"None";"000001";"2015-02-07";"Vente";"104500";"1";"None";"RUE";"0540";"DES CAPUCINS";"60200";"COMPIEGNE";"60";"159";"None";"BL";"169";"None";"7";"45";"None";"None";"None";"None";"None";"None";"None";"None";"1";"2.0";"Appartement";"None";"45.0";"2.0";"None";"None";"nan";"60159000BL0169";"60159";"000BL";36
"None";"None";"None";"None";"None";"None";"None";"000001";"2015-02-07";"Vente";"104500";"1";"None";"RUE";"0540";"DES CAPUCINS";"60200";"COMPIEGNE";"60";"159";"None";"BL";"169";"None";"78";"None";"None";"None";"None";"None";"None";"None";"None";"None";"1";"3.0";"Dépendance";"None";"0.0";"0.0";"None";"None";"nan";"60159000BL0169";"60159";"000BL";36
"None";"None";"None";"None";"None";"None";"None";"000001";"2015-02-07";"Vente";"104500";"1";"None";"RUE";"0540";"DES CAPUCINS";"60200";"COMPIEGNE";"60";"159";"None";"BL";"169";"None";"183";"None";"None";"None";"None";"None";"None";"None";"None";"None";"1";"3.0";"Dépendance";"None";"0.0";"0.0";"None";"None";"nan";"60159000BL0169";"60159";"000BL";36
"None";"None";"None";"None";"None";"None";"None";"000001";"2015-02-11";"Vente";"40000";"39";"None";"RUE";"2660";"DE PARIS";"60200";"COMPIEGNE";"60";"159";"None";"BL";"150";"None";"13";"None";"21";"None";"29";"None";"None";"None";"None";"None";"3";"2.0";"Appartement";"None";"58.0";"3.0";"None";"None";"nan";"60159000BL0150";"60159";"000BL";39
"None";"None";"None";"None";"None";"None";"None";"000001";"2015-04-08";"Vente";"128000";"1";"None";"PL";"3190";"SAINT ANTOINE";"60200";"COMPIEGNE";"60";"159";"None";"BL";"117";"None";"3";"50";"None";"None";"None";"None";"None";"None";"None";"None";"1";"2.0";"Appartement";"None";"49.0";"3.0";"None";"None";"nan";"60159000BL0117";"60159";"000BL";40
"None";"None";"None";"None";"None";"None";"None";"000001";"2015-05-07";"Vente";"36000";"43";"None";"RUE";"3230";"SAINT CORNEILLE";"60200";"COMPIEGNE";"60";"159";"None";"BL";"67";"None";"10";"None";"7";"13";"None";"None";"None";"None";"None";"None";"2";"2.0";"Appartement";"None";"18.0";"1.0";"None";"None";"nan";"60159000BL0067";"60159";"000BL";41
"None";"None";"None";"None";"None";"None";"None";"000001";"2015-05-29";"Vente";"120000";"1";"None";"RUE";"0540";"DES CAPUCINS";"60200";"COMPIEGNE";"60";"159";"None";"BL";"169";"None";"139";"None";"None";"None";"None";"None";"None";"None";"None";"None";"1";"3.0";"Dépendance";"None";"0.0";"0.0";"None";"None";"nan";"60159000BL0169";"60159";"000BL";42
"None";"None";"None";"None";"None";"None";"None";"000001";"2015-05-29";"Vente";"120000";"1";"None";"RUE";"0540";"DES CAPUCINS";"60200";"COMPIEGNE";"60";"159";"None";"BL";"169";"None";"58";"61";"83";"None";"None";"None";"None";"None";"None";"None";"2";"2.0";"Appartement";"None";"61.0";"3.0";"None";"None";"nan";"60159000BL0169";"60159";"000BL";42
"None";"None";"None";"None";"None";"None";"None";"000001";"2015-06-05";"Vente";"226500";"10";"None";"RUE";"2690";"PASTEUR";"60200";"COMPIEGNE";"60";"159";"None";"BL";"140";"None";"16";"0";"29";"0";"6";"116";"7";"0";"None";"None";"4";"2.0";"Appartement";"None";"107.0";"4.0";"None";"None";"nan";"60159000BL0140";"60159";"000BL";44
"None";"None";"None";"None";"None";"None";"None";"000001";"2015-06-05";"Vente";"226500";"10";"None";"RUE";"2690";"PASTEUR";"60200";"COMPIEGNE";"60";"159";"None";"BL";"140";"None";"24";"0";"None";"None";"None";"None";"None";"None";"None";"None";"1";"3.0";"Dépendance";"None";"0.0";"0.0";"None";"None";"nan";"60159000BL0140";"60159";"000BL";44
"None";"None";"None";"None";"None";"None";"None";"000001";"2015-06-26";"Vente";"130000";"7";"None";"RUE";"0480";"DE BOUVINES";"60200";"COMPIEGNE";"60";"159";"None";"BL";"33";"None";"12";"None";"21";"None";"4";"67";"None";"None";"None";"None";"3";"2.0";"Appartement";"None";"66.0";"3.0";"None";"None";"nan";"60159000BL0033";"60159";"000BL";46
"None";"None";"None";"None";"None";"None";"None";"000001";"2015-07-23";"Vente";"145000";"30";"None";"RUE";"0310";"D AUSTERLITZ";"60200";"COMPIEGNE";"60";"159";"None";"BL";"175";"None";"32";"None";"None";"None";"None";"None";"None";"None";"None";"None";"1";"3.0";"Dépendance";"None";"0.0";"0.0";"None";"None";"nan";"60159000BL0175";"60159";"000BL";47
"None";"None";"None";"None";"None";"None";"None";"000001";"2015-07-23";"Vente";"145000";"30";"None";"RUE";"0310";"D AUSTERLITZ";"60200";"COMPIEGNE";"60";"159";"None";"BL";"175";"None";"7";"48";"None";"None";"None";"None";"None";"None";"None";"None";"1";"2.0";"Appartement";"None";"51.0";"2.0";"None";"None";"nan";"60159000BL0175";"60159";"000BL";47
"None";"None";"None";"None";"None";"None";"None";"000001";"2015-07-23";"Vente";"145000";"30";"None";"RUE";"0310";"D AUSTERLITZ";"60200";"COMPIEGNE";"60";"159";"None";"BL";"175";"None";"105";"None";"None";"None";"None";"None";"None";"None";"None";"None";"1";"3.0";"Dépendance";"None";"0.0";"0.0";"None";"None";"nan";"60159000BL0175";"60159";"000BL";47
"None";"None";"None";"None";"None";"None";"None";"000001";"2015-07-09";"Vente";"410000";"28";"None";"RUE";"2930";"DU PRESIDENT SOREL";"60200";"COMPIEGNE";"60";"159";"None";"BL";"90";"None";"None";"None";"None";"None";"None";"None";"None";"None";"None";"None";"0";"1.0";"Maison";"None";"120.0";"5.0";"S";"None";"127.0";"60159000BL0090";"60159";"000BL";50
"None";"None";"None";"None";"None";"None";"None";"000001";"2015-08-24";"Vente";"80500";"34";"None";"RUE";"3230";"SAINT CORNEILLE";"60200";"COMPIEGNE";"60";"159";"None";"BL";"48";"None";"3";"64";"7";"None";"None";"None";"None";"None";"None";"None";"2";"2.0";"Appartement";"None";"76.0";"3.0";"None";"None";"nan";"60159000BL0048";"60159";"000BL";51
"None";"None";"None";"None";"None";"None";"None";"000001";"2015-09-09";"Vente";"66000";"1";"None";"PL";"3190";"SAINT ANTOINE";"60200";"COMPIEGNE";"60";"159";"None";"BL";"117";"None";"103";"29";"None";"None";"None";"None";"None";"None";"None";"None";"1";"2.0";"Appartement";"None";"30.0";"2.0";"None";"None";"nan";"60159000BL0117";"60159";"000BL";52
"None";"None";"None";"None";"None";"None";"None";"000001";"2015-10-16";"Vente";"237000";"1";"None";"RUE";"0540";"DES CAPUCINS";"60200";"COMPIEGNE";"60";"159";"None";"BL";"169";"None";"135";"None";"None";"None";"None";"None";"None";"None";"None";"None";"1";"3.0";"Dépendance";"None";"0.0";"0.0";"None";"None";"nan";"60159000BL0169";"60159";"000BL";53
"None";"None";"None";"None";"None";"None";"None";"000001";"2015-10-16";"Vente";"237000";"1";"None";"RUE";"0540";"DES CAPUCINS";"60200";"COMPIEGNE";"60";"159";"None";"BL";"169";"None";"6";"117";"68";"None";"None";"None";"None";"None";"None";"None";"2";"2.0";"Appartement";"None";"125.0";"4.0";"None";"None";"nan";"60159000BL0169";"60159";"000BL";53
"None";"None";"None";"None";"None";"None";"None";"000001";"2015-10-27";"Vente";"720000";"36";"None";"RUE";"2660";"DE PARIS";"60200";"COMPIEGNE";"60";"159";"None";"BL";"152";"None";"None";"None";"None";"None";"None";"None";"None";"None";"None";"None";"0";"3.0";"Dépendance";"None";"0.0";"0.0";"S";"None";"938.0";"60159000BL0152";"60159";"000BL";55
"None";"None";"None";"None";"None";"None";"None";"000001";"2015-10-27";"Vente";"720000";"36";"None";"RUE";"2660";"DE PARIS";"60200";"COMPIEGNE";"60";"159";"None";"BL";"152";"None";"None";"None";"None";"None";"None";"None";"None";"None";"None";"None";"0";"3.0";"Dépendance";"None";"0.0";"0.0";"S";"None";"938.0";"60159000BL0152";"60159";"000BL";55
"None";"None";"None";"None";"None";"None";"None";"000001";"2015-10-27";"Vente";"720000";"36";"None";"RUE";"2660";"DE PARIS";"60200";"COMPIEGNE";"60";"159";"None";"BL";"152";"None";"None";"None";"None";"None";"None";"None";"None";"None";"None";"None";"0";"3.0";"Dépendance";"None";"0.0";"0.0";"S";"None";"938.0";"60159000BL0152";"60159";"000BL";55
"None";"None";"None";"None";"None";"None";"None";"000001";"2015-10-27";"Vente";"720000";"36";"None";"RUE";"2660";"DE PARIS";"60200";"COMPIEGNE";"60";"159";"None";"BL";"152";"None";"None";"None";"None";"None";"None";"None";"None";"None";"None";"None";"0";"4.0";"Local industriel. commercial ou assimilé";"None";"95.0";"0.0";"S";"None";"938.0";"60159000BL0152";"60159";"000BL";55
"None";"None";"None";"None";"None";"None";"None";"000001";"2015-10-27";"Vente";"720000";"36";"None";"RUE";"2660";"DE PARIS";"60200";"COMPIEGNE";"60";"159";"None";"BL";"152";"None";"None";"None";"None";"None";"None";"None";"None";"None";"None";"None";"0";"3.0";"Dépendance";"None";"0.0";"0.0";"S";"None";"938.0";"60159000BL0152";"60159";"000BL";55
"None";"None";"None";"None";"None";"None";"None";"000001";"2015-10-27";"Vente";"720000";"36";"None";"RUE";"2660";"DE PARIS";"60200";"COMPIEGNE";"60";"159";"None";"BL";"152";"None";"None";"None";"None";"None";"None";"None";"None";"None";"None";"None";"0";"3.0";"Dépendance";"None";"0.0";"0.0";"S";"None";"938.0";"60159000BL0152";"60159";"000BL";55
"None";"None";"None";"None";"None";"None";"None";"000001";"2015-10-27";"Vente";"720000";"36";"None";"RUE";"2660";"DE PARIS";"60200";"COMPIEGNE";"60";"159";"None";"BL";"152";"None";"None";"None";"None";"None";"None";"None";"None";"None";"None";"None";"0";"3.0";"Dépendance";"None";"0.0";"0.0";"S";"None";"938.0";"60159000BL0152";"60159";"000BL";55
"None";"None";"None";"None";"None";"None";"None";"000001";"2015-10-27";"Vente";"720000";"36";"None";"RUE";"2660";"DE PARIS";"60200";"COMPIEGNE";"60";"159";"None";"BL";"163";"None";"None";"None";"None";"None";"None";"None";"None";"None";"None";"None";"0";"1.0";"Maison";"None";"90.0";"4.0";"S";"None";"339.0";"60159000BL0163";"60159";"000BL";55
"None";"None";"None";"None";"None";"None";"None";"000001";"2015-10-27";"Vente";"720000";"38";"None";"RUE";"2660";"DE PARIS";"60200";"COMPIEGNE";"60";"159";"None";"BL";"165";"None";"None";"None";"None";"None";"None";"None";"None";"None";"None";"None";"0";"3.0";"Dépendance";"None";"0.0";"0.0";"S";"None";"131.0";"60159000BL0165";"60159";"000BL";55
"None";"None";"None";"None";"None";"None";"None";"000001";"2015-10-27";"Vente";"720000";"38";"None";"RUE";"2660";"DE PARIS";"60200";"COMPIEGNE";"60";"159";"None";"BL";"166";"None";"None";"None";"None";"None";"None";"None";"None";"None";"None";"None";"0";"3.0";"Dépendance";"None";"0.0";"0.0";"J";"POTAG";"667.0";"60159000BL0166";"60159";"000BL";55
"None";"None";"None";"None";"None";"None";"None";"000001";"2015-10-27";"Vente";"720000";"38";"None";"RUE";"2660";"DE PARIS";"60200";"COMPIEGNE";"60";"159";"None";"BL";"166";"None";"None";"None";"None";"None";"None";"None";"None";"None";"None";"None";"0";"3.0";"Dépendance";"None";"0.0";"0.0";"J";"POTAG";"667.0";"60159000BL0166";"60159";"000BL";55
"None";"None";"None";"None";"None";"None";"None";"000001";"2015-10-27";"Vente";"720000";"38";"None";"RUE";"2660";"DE PARIS";"60200";"COMPIEGNE";"60";"159";"None";"BL";"166";"None";"None";"None";"None";"None";"None";"None";"None";"None";"None";"None";"0";"3.0";"Dépendance";"None";"0.0";"0.0";"J";"POTAG";"667.0";"60159000BL0166";"60159";"000BL";55
"None";"None";"None";"None";"None";"None";"None";"000001";"2015-10-27";"Vente";"720000";"38";"None";"RUE";"2660";"DE PARIS";"60200";"COMPIEGNE";"60";"159";"None";"BL";"166";"None";"None";"None";"None";"None";"None";"None";"None";"None";"None";"None";"0";"3.0";"Dépendance";"None";"0.0";"0.0";"J";"POTAG";"667.0";"60159000BL0166";"60159";"000BL";55
"None";"None";"None";"None";"None";"None";"None";"000001";"2015-10-27";"Vente";"720000";"38";"None";"RUE";"2660";"DE PARIS";"60200";"COMPIEGNE";"60";"159";"None";"BL";"166";"None";"None";"None";"None";"None";"None";"None";"None";"None";"None";"None";"0";"3.0";"Dépendance";"None";"0.0";"0.0";"J";"POTAG";"667.0";"60159000BL0166";"60159";"000BL";55
"None";"None";"None";"None";"None";"None";"None";"000001";"2015-10-27";"Vente";"720000";"38";"None";"RUE";"2660";"DE PARIS";"60200";"COMPIEGNE";"60";"159";"None";"BL";"166";"None";"None";"None";"None";"None";"None";"None";"None";"None";"None";"None";"0";"3.0";"Dépendance";"None";"0.0";"0.0";"J";"POTAG";"667.0";"60159000BL0166";"60159";"000BL";55
"None";"None";"None";"None";"None";"None";"None";"000001";"2015-10-27";"Vente";"720000";"38";"None";"RUE";"2660";"DE PARIS";"60200";"COMPIEGNE";"60";"159";"None";"BL";"166";"None";"None";"None";"None";"None";"None";"None";"None";"None";"None";"None";"0";"3.0";"Dépendance";"None";"0.0";"0.0";"J";"POTAG";"667.0";"60159000BL0166";"60159";"000BL";55
"None";"None";"None";"None";"None";"None";"None";"000001";"2015-10-27";"Vente";"720000";"38";"None";"RUE";"2660";"DE PARIS";"60200";"COMPIEGNE";"60";"159";"None";"BL";"166";"None";"None";"None";"None";"None";"None";"None";"None";"None";"None";"None";"0";"3.0";"Dépendance";"None";"0.0";"0.0";"J";"POTAG";"667.0";"60159000BL0166";"60159";"000BL";55
"None";"None";"None";"None";"None";"None";"None";"000001";"2015-10-27";"Vente";"720000";"38";"None";"RUE";"2660";"DE PARIS";"60200";"COMPIEGNE";"60";"159";"None";"BL";"166";"None";"None";"None";"None";"None";"None";"None";"None";"None";"None";"None";"0";"3.0";"Dépendance";"None";"0.0";"0.0";"J";"POTAG";"667.0";"60159000BL0166";"60159";"000BL";55
"None";"None";"None";"None";"None";"None";"None";"000001";"2015-10-27";"Vente";"720000";"38";"None";"RUE";"2660";"DE PARIS";"60200";"COMPIEGNE";"60";"159";"None";"BL";"166";"None";"None";"None";"None";"None";"None";"None";"None";"None";"None";"None";"0";"3.0";"Dépendance";"None";"0.0";"0.0";"J";"POTAG";"667.0";"60159000BL0166";"60159";"000BL";55
"None";"None";"None";"None";"None";"None";"None";"000001";"2015-10-27";"Vente";"720000";"38";"None";"RUE";"2660";"DE PARIS";"60200";"COMPIEGNE";"60";"159";"None";"BL";"166";"None";"None";"None";"None";"None";"None";"None";"None";"None";"None";"None";"0";"3.0";"Dépendance";"None";"0.0";"0.0";"J";"POTAG";"667.0";"60159000BL0166";"60159";"000BL";55
"None";"None";"None";"None";"None";"None";"None";"000001";"2015-10-27";"Vente";"720000";"38";"None";"RUE";"2660";"DE PARIS";"60200";"COMPIEGNE";"60";"159";"None";"BL";"166";"None";"None";"None";"None";"None";"None";"None";"None";"None";"None";"None";"0";"3.0";"Dépendance";"None";"0.0";"0.0";"J";"POTAG";"667.0";"60159000BL0166";"60159";"000BL";55
"None";"None";"None";"None";"None";"None";"None";"000001";"2015-10-27";"Vente";"720000";"38";"None";"RUE";"2660";"DE PARIS";"60200";"COMPIEGNE";"60";"159";"None";"BL";"166";"None";"None";"None";"None";"None";"None";"None";"None";"None";"None";"None";"0";"3.0";"Dépendance";"None";"0.0";"0.0";"J";"POTAG";"667.0";"60159000BL0166";"60159";"000BL";55
"None";"None";"None";"None";"None";"None";"None";"000001";"2015-10-27";"Vente";"720000";"38";"None";"RUE";"2660";"DE PARIS";"60200";"COMPIEGNE";"60";"159";"None";"BL";"166";"None";"None";"None";"None";"None";"None";"None";"None";"None";"None";"None";"0";"3.0";"Dépendance";"None";"0.0";"0.0";"J";"POTAG";"667.0";"60159000BL0166";"60159";"000BL";55
"None";"None";"None";"None";"None";"None";"None";"000001";"2015-10-27";"Vente";"720000";"38";"None";"RUE";"2660";"DE PARIS";"60200";"COMPIEGNE";"60";"159";"None";"BL";"166";"None";"None";"None";"None";"None";"None";"None";"None";"None";"None";"None";"0";"3.0";"Dépendance";"None";"0.0";"0.0";"J";"POTAG";"667.0";"60159000BL0166";"60159";"000BL";55
"None";"None";"None";"None";"None";"None";"None";"000001";"2015-10-31";"Vente";"100000";"1";"None";"RUE";"0540";"DES CAPUCINS";"60200";"COMPIEGNE";"60";"159";"None";"BL";"169";"None";"30";"46";"73";"None";"None";"None";"None";"None";"None";"None";"2";"2.0";"Appartement";"None";"47.0";"2.0";"None";"None";"nan";"60159000BL0169";"60159";"000BL";79
"None";"None";"None";"None";"None";"None";"None";"000001";"2015-10-31";"Vente";"100000";"1";"None";"RUE";"0540";"DES CAPUCINS";"60200";"COMPIEGNE";"60";"159";"None";"BL";"169";"None";"151";"None";"None";"None";"None";"None";"None";"None";"None";"None";"1";"3.0";"Dépendance";"None";"0.0";"0.0";"None";"None";"nan";"60159000BL0169";"60159";"000BL";79
"None";"None";"None";"None";"None";"None";"None";"000001";"2015-12-01";"Vente";"80000";"1";"None";"RUE";"0540";"DES CAPUCINS";"60200";"COMPIEGNE";"60";"159";"None";"BL";"169";"None";"60";"26";"82";"None";"None";"None";"None";"None";"None";"None";"2";"2.0";"Appartement";"None";"26.0";"1.0";"None";"None";"nan";"60159000BL0169";"60159";"000BL";81
"None";"None";"None";"None";"None";"None";"None";"000001";"2015-12-01";"Vente";"80000";"1";"None";"RUE";"0540";"DES CAPUCINS";"60200";"COMPIEGNE";"60";"159";"None";"BL";"169";"None";"181";"None";"None";"None";"None";"None";"None";"None";"None";"None";"1";"3.0";"Dépendance";"None";"0.0";"0.0";"None";"None";"nan";"60159000BL0169";"60159";"000BL";81
"None";"None";"None";"None";"None";"None";"None";"000001";"2015-11-10";"Vente";"1";"2";"None";"PL";"3210";"SAINT CLEMENT";"60200";"COMPIEGNE";"60";"159";"None";"BL";"38";"None";"19";"None";"None";"None";"None";"None";"None";"None";"None";"None";"1";"2.0";"Appartement";"None";"326.0";"0.0";"None";"None";"nan";"60159000BL0038";"60159";"000BL";83
"None";"None";"None";"None";"None";"None";"None";"000001";"2015-11-10";"Vente";"1";"1";"None";"PL";"3210";"SAINT CLEMENT";"60200";"COMPIEGNE";"60";"159";"None";"BL";"38";"None";"13";"None";"None";"None";"None";"None";"None";"None";"None";"None";"1";"2.0";"Appartement";"None";"57.0";"2.0";"None";"None";"nan";"60159000BL0038";"60159";"000BL";83
"None";"None";"None";"None";"None";"None";"None";"000001";"2015-11-10";"Vente";"1";"1";"None";"PL";"3210";"SAINT CLEMENT";"60200";"COMPIEGNE";"60";"159";"None";"BL";"38";"None";"33";"None";"None";"None";"None";"None";"None";"None";"None";"None";"1";"3.0";"Dépendance";"None";"0.0";"0.0";"None";"None";"nan";"60159000BL0038";"60159";"000BL";83
"None";"None";"None";"None";"None";"None";"None";"000001";"2015-11-10";"Vente";"1";"2";"None";"PL";"3210";"SAINT CLEMENT";"60200";"COMPIEGNE";"60";"159";"None";"BL";"38";"None";"36";"None";"46";"None";"None";"None";"None";"None";"None";"None";"2";"4.0";"Local industriel. commercial ou assimilé";"None";"86.0";"0.0";"None";"None";"nan";"60159000BL0038";"60159";"000BL";83
"None";"None";"None";"None";"None";"None";"None";"000001";"2015-11-10";"Vente";"1";"2";"None";"PL";"3210";"SAINT CLEMENT";"60200";"COMPIEGNE";"60";"159";"None";"BL";"38";"None";"45";"None";"None";"None";"None";"None";"None";"None";"None";"None";"1";"3.0";"Dépendance";"None";"0.0";"0.0";"None";"None";"nan";"60159000BL0038";"60159";"000BL";83
"None";"None";"None";"None";"None";"None";"None";"000001";"2015-12-16";"Vente";"120000";"31";"None";"RUE";"2660";"DE PARIS";"60200";"COMPIEGNE";"60";"159";"None";"BL";"131";"None";"None";"None";"None";"None";"None";"None";"None";"None";"None";"None";"0";"nan";"None";"None";"nan";"nan";"S";"None";"73.0";"60159000BL0131";"60159";"000BL";88
"None";"None";"None";"None";"None";"None";"None";"000001";"2015-12-16";"Vente";"100000";"29";"None";"RUE";"2660";"DE PARIS";"60200";"COMPIEGNE";"60";"159";"None";"BL";"130";"None";"None";"None";"None";"None";"None";"None";"None";"None";"None";"None";"0";"4.0";"Local industriel. commercial ou assimilé";"None";"58.0";"0.0";"S";"None";"57.0";"60159000BL0130";"60159";"000BL";89
"None";"None";"None";"None";"None";"None";"None";"000001";"2015-12-16";"Vente";"100000";"29";"None";"RUE";"2660";"DE PARIS";"60200";"COMPIEGNE";"60";"159";"None";"BL";"130";"None";"None";"None";"None";"None";"None";"None";"None";"None";"None";"None";"0";"4.0";"Local industriel. commercial ou assimilé";"None";"170.0";"0.0";"S";"None";"57.0";"60159000BL0130";"60159";"000BL";89
"None";"None";"None";"None";"None";"None";"None";"000001";"2015-12-29";"Vente";"400000";"22";"None";"RUE";"0890";"DES CORDELIERS";"60200";"COMPIEGNE";"60";"159";"None";"BL";"178";"None";"None";"None";"None";"None";"None";"None";"None";"None";"None";"None";"0";"3.0";"Dépendance";"None";"0.0";"0.0";"S";"None";"369.0";"60159000BL0178";"60159";"000BL";91
"None";"None";"None";"None";"None";"None";"None";"000001";"2015-12-29";"Vente";"400000";"22";"None";"RUE";"0890";"DES CORDELIERS";"60200";"COMPIEGNE";"60";"159";"None";"BL";"178";"None";"None";"None";"None";"None";"None";"None";"None";"None";"None";"None";"0";"2.0";"Appartement";"None";"150.0";"5.0";"S";"None";"369.0";"60159000BL0178";"60159";"000BL";91
"None";"None";"None";"None";"None";"None";"None";"000001";"2015-12-29";"Vente";"400000";"22";"None";"RUE";"0890";"DES CORDELIERS";"60200";"COMPIEGNE";"60";"159";"None";"BL";"178";"None";"None";"None";"None";"None";"None";"None";"None";"None";"None";"None";"0";"2.0";"Appartement";"None";"91.0";"3.0";"S";"None";"369.0";"60159000BL0178";"60159";"000BL";91
"None";"None";"None";"None";"None";"None";"None";"000001";"2015-12-29";"Vente";"400000";"22";"None";"RUE";"0890";"DES CORDELIERS";"60200";"COMPIEGNE";"60";"159";"None";"BL";"178";"None";"None";"None";"None";"None";"None";"None";"None";"None";"None";"None";"0";"3.0";"Dépendance";"None";"0.0";"0.0";"S";"None";"369.0";"60159000BL0178";"60159";"000BL";91
"None";"None";"None";"None";"None";"None";"None";"000001";"2016-01-22";"Vente";"135000";"42";"None";"RUE";"1990";"JEANNE D ARC";"60200";"COMPIEGNE";"60";"159";"None";"BL";"43";"None";"5";"57";"None";"None";"None";"None";"None";"None";"None";"None";"1";"2.0";"Appartement";"None";"56.0";"3.0";"None";"None";"nan";"60159000BL0043";"60159";"000BL";95
"None";"None";"None";"None";"None";"None";"None";"000001";"2016-01-22";"Vente";"135000";"42";"None";"RUE";"1990";"JEANNE D ARC";"60200";"COMPIEGNE";"60";"159";"None";"BL";"43";"None";"9";"None";"None";"None";"None";"None";"None";"None";"None";"None";"1";"3.0";"Dépendance";"None";"0.0";"0.0";"None";"None";"nan";"60159000BL0043";"60159";"000BL";95
"None";"None";"None";"None";"None";"None";"None";"000001";"2016-02-06";"Vente";"193000";"3";"None";"RUE";"3200";"SAINT ANTOINE";"60200";"COMPIEGNE";"60";"159";"None";"BL";"80";"None";"14";"None";"6";"81";"None";"None";"None";"None";"None";"None";"2";"2.0";"Appartement";"None";"75.0";"4.0";"None";"None";"nan";"60159000BL0080";"60159";"000BL";97
"None";"None";"None";"None";"None";"None";"None";"000001";"2016-02-06";"Vente";"193000";"3";"None";"RUE";"3200";"SAINT ANTOINE";"60200";"COMPIEGNE";"60";"159";"None";"BL";"80";"None";"11";"None";"None";"None";"None";"None";"None";"None";"None";"None";"1";"3.0";"Dépendance";"None";"0.0";"0.0";"None";"None";"nan";"60159000BL0080";"60159";"000BL";97
"None";"None";"None";"None";"None";"None";"None";"000001";"2016-02-06";"Vente";"193000";"3";"None";"RUE";"3200";"SAINT ANTOINE";"60200";"COMPIEGNE";"60";"159";"None";"BL";"80";"None";"7";"50";"8";"None";"9";"None";"None";"None";"None";"None";"3";"2.0";"Appartement";"None";"50.0";"3.0";"None";"None";"nan";"60159000BL0080";"60159";"000BL";97
"None";"None";"None";"None";"None";"None";"None";"000001";"2016-02-25";"Vente";"158000";"11";"None";"RUE";"0480";"DE BOUVINES";"60200";"COMPIEGNE";"60";"159";"None";"BL";"15";"None";"188";"None";"None";"None";"None";"None";"None";"None";"None";"None";"1";"3.0";"Dépendance";"None";"0.0";"0.0";"None";"None";"nan";"60159000BL0015";"60159";"000BL";100
"None";"None";"None";"None";"None";"None";"None";"000001";"2016-02-25";"Vente";"158000";"10";"None";"RUE";"2767";"PHILIPPE AUGUSTE";"60200";"COMPIEGNE";"60";"159";"None";"BL";"15";"None";"109";"61";"None";"None";"None";"None";"None";"None";"None";"None";"1";"2.0";"Appartement";"None";"62.0";"2.0";"None";"None";"nan";"60159000BL0015";"60159";"000BL";100
"None";"None";"None";"None";"None";"None";"None";"000001";"2016-03-29";"Vente";"None";"8";"None";"RUE";"0450";"DES BOUCHERIES";"60200";"COMPIEGNE";"60";"159";"None";"BL";"82";"None";"2";"116";"None";"None";"None";"None";"None";"None";"None";"None";"1";"1.0";"Maison";"None";"131.0";"4.0";"None";"None";"nan";"60159000BL0082";"60159";"000BL";102
"None";"None";"None";"None";"None";"None";"None";"000002";"2016-03-29";"Vente";"None";"8";"None";"RUE";"0450";"DES BOUCHERIES";"60200";"COMPIEGNE";"60";"159";"None";"BL";"82";"None";"4";"None";"None";"None";"None";"None";"None";"None";"None";"None";"1";"4.0";"Local industriel. commercial ou assimilé";"None";"149.0";"0.0";"None";"None";"nan";"60159000BL0082";"60159";"000BL";103
"None";"None";"None";"None";"None";"None";"None";"000001";"2016-04-20";"Vente";"62000";"2";"None";"PL";"3210";"SAINT CLEMENT";"60200";"COMPIEGNE";"60";"159";"None";"BL";"38";"None";"37";"None";"None";"None";"None";"None";"None";"None";"None";"None";"1";"4.0";"Local industriel. commercial ou assimilé";"None";"86.0";"0.0";"None";"None";"nan";"60159000BL0038";"60159";"000BL";104
"None";"None";"None";"None";"None";"None";"None";"000001";"2016-04-20";"Vente";"62000";"1";"None";"PL";"3210";"SAINT CLEMENT";"60200";"COMPIEGNE";"60";"159";"None";"BL";"38";"None";"12";"None";"None";"None";"None";"None";"None";"None";"None";"None";"1";"4.0";"Local industriel. commercial ou assimilé";"None";"40.0";"0.0";"None";"None";"nan";"60159000BL0038";"60159";"000BL";104
"None";"None";"None";"None";"None";"None";"None";"000002";"2016-05-30";"Vente";"300000";"36";"None";"RUE";"2660";"DE PARIS";"60200";"COMPIEGNE";"60";"159";"None";"BL";"197";"None";"None";"None";"None";"None";"None";"None";"None";"None";"None";"None";"0";"1.0";"Maison";"None";"90.0";"4.0";"S";"None";"125.0";"60159000BL0197";"60159";"000BL";106
"None";"None";"None";"None";"None";"None";"None";"000001";"2016-07-12";"Vente";"210000";"33";"None";"RUE";"3230";"SAINT CORNEILLE";"60200";"COMPIEGNE";"60";"159";"None";"BL";"55";"None";"1";"27";"3";"27";"None";"None";"None";"None";"None";"None";"2";"4.0";"Local industriel. commercial ou assimilé";"None";"54.0";"0.0";"None";"None";"nan";"60159000BL0055";"60159";"000BL";107
"None";"None";"None";"None";"None";"None";"None";"000001";"2016-07-12";"Vente";"210000";"33";"None";"RUE";"3230";"SAINT CORNEILLE";"60200";"COMPIEGNE";"60";"159";"None";"BL";"55";"None";"2";"54";"4";"54";"None";"None";"None";"None";"None";"None";"2";"4.0";"Local industriel. commercial ou assimilé";"None";"28.0";"0.0";"None";"None";"nan";"60159000BL0055";"60159";"000BL";107
"None";"None";"None";"None";"None";"None";"None";"000001";"2016-07-12";"Vente";"210000";"33";"None";"RUE";"3230";"SAINT CORNEILLE";"60200";"COMPIEGNE";"60";"159";"None";"BL";"55";"None";"6";"51";"None";"None";"None";"None";"None";"None";"None";"None";"1";"2.0";"Appartement";"None";"51.0";"3.0";"None";"None";"nan";"60159000BL0055";"60159";"000BL";107
"None";"None";"None";"None";"None";"None";"None";"000001";"2016-07-12";"Vente";"210000";"33";"None";"RUE";"3230";"SAINT CORNEILLE";"60200";"COMPIEGNE";"60";"159";"None";"BL";"55";"None";"8";"20";"None";"None";"None";"None";"None";"None";"None";"None";"1";"2.0";"Appartement";"None";"18.0";"1.0";"None";"None";"nan";"60159000BL0055";"60159";"000BL";107
"None";"None";"None";"None";"None";"None";"None";"000001";"2016-07-12";"Vente";"210000";"33";"None";"RUE";"3230";"SAINT CORNEILLE";"60200";"COMPIEGNE";"60";"159";"None";"BL";"55";"None";"9";"None";"None";"None";"None";"None";"None";"None";"None";"None";"1";"3.0";"Dépendance";"None";"0.0";"0.0";"None";"None";"nan";"60159000BL0055";"60159";"000BL";107
"None";"None";"None";"None";"None";"None";"None";"000001";"2016-07-12";"Vente";"210000";"33";"None";"RUE";"3230";"SAINT CORNEILLE";"60200";"COMPIEGNE";"60";"159";"None";"BL";"55";"None";"5";"51";"None";"None";"None";"None";"None";"None";"None";"None";"1";"2.0";"Appartement";"None";"51.0";"3.0";"None";"None";"nan";"60159000BL0055";"60159";"000BL";107
"None";"None";"None";"None";"None";"None";"None";"000001";"2016-07-12";"Vente";"210000";"33";"None";"RUE";"3230";"SAINT CORNEILLE";"60200";"COMPIEGNE";"60";"159";"None";"BL";"55";"None";"10";"None";"None";"None";"None";"None";"None";"None";"None";"None";"1";"3.0";"Dépendance";"None";"0.0";"0.0";"None";"None";"nan";"60159000BL0055";"60159";"000BL";107
"None";"None";"None";"None";"None";"None";"None";"000001";"2016-07-12";"Vente";"210000";"33";"None";"RUE";"3230";"SAINT CORNEILLE";"60200";"COMPIEGNE";"60";"159";"None";"BL";"55";"None";"7";"21";"None";"None";"None";"None";"None";"None";"None";"None";"1";"2.0";"Appartement";"None";"26.0";"1.0";"None";"None";"nan";"60159000BL0055";"60159";"000BL";107
"None";"None";"None";"None";"None";"None";"None";"000001";"2016-07-12";"Vente";"210000";"None";"None";"None";"B064";"LA VILLE";"60200";"COMPIEGNE";"60";"159";"None";"BL";"59";"None";"None";"None";"None";"None";"None";"None";"None";"None";"None";"None";"0";"nan";"None";"None";"nan";"nan";"S";"None";"482.0";"60159000BL0059";"60159";"000BL";107
"None";"None";"None";"None";"None";"None";"None";"000002";"2016-07-30";"Vente";"205000";"24";"None";"RUE";"2660";"DE PARIS";"60200";"COMPIEGNE";"60";"159";"None";"BL";"157";"None";"None";"None";"None";"None";"None";"None";"None";"None";"None";"None";"0";"1.0";"Maison";"None";"85.0";"5.0";"S";"None";"48.0";"60159000BL0157";"60159";"000BL";116
"None";"None";"None";"None";"None";"None";"None";"000002";"2016-07-30";"Vente";"205000";"22";"None";"RUE";"2660";"DE PARIS";"60200";"COMPIEGNE";"60";"159";"None";"BL";"194";"None";"None";"None";"None";"None";"None";"None";"None";"None";"None";"None";"0";"2.0";"Appartement";"None";"25.0";"1.0";"S";"None";"42.0";"60159000BL0194";"60159";"000BL";116
"None";"None";"None";"None";"None";"None";"None";"000002";"2016-07-30";"Vente";"205000";"22";"None";"RUE";"2660";"DE PARIS";"60200";"COMPIEGNE";"60";"159";"None";"BL";"194";"None";"None";"None";"None";"None";"None";"None";"None";"None";"None";"None";"0";"2.0";"Appartement";"None";"15.0";"1.0";"S";"None";"42.0";"60159000BL0194";"60159";"000BL";116
"None";"None";"None";"None";"None";"None";"None";"000002";"2016-07-30";"Vente";"205000";"22";"None";"RUE";"2660";"DE PARIS";"60200";"COMPIEGNE";"60";"159";"None";"BL";"194";"None";"None";"None";"None";"None";"None";"None";"None";"None";"None";"None";"0";"2.0";"Appartement";"None";"25.0";"1.0";"S";"None";"42.0";"60159000BL0194";"60159";"000BL";116
"None";"None";"None";"None";"None";"None";"None";"000002";"2016-07-30";"Vente";"205000";"22";"None";"RUE";"2660";"DE PARIS";"60200";"COMPIEGNE";"60";"159";"None";"BL";"194";"None";"None";"None";"None";"None";"None";"None";"None";"None";"None";"None";"0";"2.0";"Appartement";"None";"35.0";"2.0";"S";"None";"42.0";"60159000BL0194";"60159";"000BL";116
"None";"None";"None";"None";"None";"None";"None";"000002";"2016-07-30";"Vente";"205000";"22";"None";"RUE";"2660";"DE PARIS";"60200";"COMPIEGNE";"60";"159";"None";"BL";"194";"None";"None";"None";"None";"None";"None";"None";"None";"None";"None";"None";"0";"2.0";"Appartement";"None";"25.0";"1.0";"S";"None";"42.0";"60159000BL0194";"60159";"000BL";116
"None";"None";"None";"None";"None";"None";"None";"000002";"2016-07-30";"Vente";"205000";"22";"None";"RUE";"2660";"DE PARIS";"60200";"COMPIEGNE";"60";"159";"None";"BL";"194";"None";"None";"None";"None";"None";"None";"None";"None";"None";"None";"None";"0";"2.0";"Appartement";"None";"50.0";"0.0";"S";"None";"42.0";"60159000BL0194";"60159";"000BL";116
"None";"None";"None";"None";"None";"None";"None";"000001";"2016-09-08";"Vente";"300000";"6";"None";"RUE";"2690";"PASTEUR";"60200";"COMPIEGNE";"60";"159";"None";"BL";"113";"None";"None";"None";"None";"None";"None";"None";"None";"None";"None";"None";"0";"2.0";"Appartement";"None";"59.0";"2.0";"S";"None";"216.0";"60159000BL0113";"60159";"000BL";123
"None";"None";"None";"None";"None";"None";"None";"000001";"2016-10-04";"Vente";"254000";"1";"None";"RUE";"0540";"DES CAPUCINS";"60200";"COMPIEGNE";"60";"159";"None";"BL";"169";"None";"31";"116";"77";"None";"None";"None";"None";"None";"None";"None";"2";"2.0";"Appartement";"None";"117.0";"5.0";"None";"None";"nan";"60159000BL0169";"60159";"000BL";124
"None";"None";"None";"None";"None";"None";"None";"000001";"2016-10-04";"Vente";"254000";"1";"None";"RUE";"0540";"DES CAPUCINS";"60200";"COMPIEGNE";"60";"159";"None";"BL";"169";"None";"125";"None";"None";"None";"None";"None";"None";"None";"None";"None";"1";"3.0";"Dépendance";"None";"0.0";"0.0";"None";"None";"nan";"60159000BL0169";"60159";"000BL";124
"None";"None";"None";"None";"None";"None";"None";"000001";"2016-10-12";"Vente";"145000";"19";"None";"RUE";"0890";"DES CORDELIERS";"60200";"COMPIEGNE";"60";"159";"None";"BL";"88";"None";"6";"70";"None";"None";"None";"None";"None";"None";"None";"None";"1";"2.0";"Appartement";"None";"69.0";"3.0";"None";"None";"nan";"60159000BL0088";"60159";"000BL";126
"None";"None";"None";"None";"None";"None";"None";"000001";"2016-10-17";"Vente";"470000";"1";"None";"RUE";"1090";"EDOUARD DUBLOC";"60200";"COMPIEGNE";"60";"159";"None";"BL";"198";"None";"7";"None";"None";"None";"None";"None";"None";"None";"None";"None";"1";"nan";"None";"None";"nan";"nan";"S";"None";"198.0";"60159000BL0198";"60159";"000BL";127
"None";"None";"None";"None";"None";"None";"None";"000001";"2016-10-17";"Vente";"470000";"1";"None";"RUE";"1090";"EDOUARD DUBLOC";"60200";"COMPIEGNE";"60";"159";"None";"BL";"198";"None";"3";"None";"None";"None";"None";"None";"None";"None";"None";"None";"1";"3.0";"Dépendance";"None";"0.0";"0.0";"None";"None";"nan";"60159000BL0198";"60159";"000BL";127
"None";"None";"None";"None";"None";"None";"None";"000001";"2016-10-17";"Vente";"470000";"1";"None";"RUE";"1090";"EDOUARD DUBLOC";"60200";"COMPIEGNE";"60";"159";"None";"BL";"198";"None";"1";"186";"None";"None";"None";"None";"None";"None";"None";"None";"1";"1.0";"Maison";"None";"214.0";"8.0";"None";"None";"nan";"60159000BL0198";"60159";"000BL";127
"None";"None";"None";"None";"None";"None";"None";"000001";"2016-10-17";"Vente";"470000";"1";"None";"RUE";"1090";"EDOUARD DUBLOC";"60200";"COMPIEGNE";"60";"159";"None";"BL";"198";"None";"5";"None";"None";"None";"None";"None";"None";"None";"None";"None";"1";"3.0";"Dépendance";"None";"0.0";"0.0";"None";"None";"nan";"60159000BL0198";"60159";"000BL";127
"None";"None";"None";"None";"None";"None";"None";"000001";"2016-10-17";"Vente";"470000";"1";"None";"RUE";"1090";"EDOUARD DUBLOC";"60200";"COMPIEGNE";"60";"159";"None";"BL";"198";"None";"4";"None";"None";"None";"None";"None";"None";"None";"None";"None";"1";"3.0";"Dépendance";"None";"0.0";"0.0";"None";"None";"nan";"60159000BL0198";"60159";"000BL";127
"None";"None";"None";"None";"None";"None";"None";"000001";"2016-10-17";"Vente";"470000";"1";"None";"RUE";"1090";"EDOUARD DUBLOC";"60200";"COMPIEGNE";"60";"159";"None";"BL";"198";"None";"6";"None";"None";"None";"None";"None";"None";"None";"None";"None";"1";"3.0";"Dépendance";"None";"0.0";"0.0";"None";"None";"nan";"60159000BL0198";"60159";"000BL";127
"None";"None";"None";"None";"None";"None";"None";"000001";"2016-10-17";"Vente";"470000";"1";"None";"RUE";"1090";"EDOUARD DUBLOC";"60200";"COMPIEGNE";"60";"159";"None";"BL";"198";"None";"2";"45";"None";"None";"None";"None";"None";"None";"None";"None";"1";"3.0";"Dépendance";"None";"0.0";"0.0";"None";"None";"nan";"60159000BL0198";"60159";"000BL";127
"None";"None";"None";"None";"None";"None";"None";"000001";"2016-10-28";"Vente";"145000";"19";"None";"RUE";"2660";"DE PARIS";"60200";"COMPIEGNE";"60";"159";"None";"BL";"126";"None";"2";"59";"None";"None";"None";"None";"None";"None";"None";"None";"1";"4.0";"Local industriel. commercial ou assimilé";"None";"59.0";"0.0";"None";"None";"nan";"60159000BL0126";"60159";"000BL";134
"None";"None";"None";"None";"None";"None";"None";"000001";"2016-11-03";"Vente";"148000";"19";"None";"RUE";"0890";"DES CORDELIERS";"60200";"COMPIEGNE";"60";"159";"None";"BL";"88";"None";"5";"70";"None";"None";"None";"None";"None";"None";"None";"None";"1";"2.0";"Appartement";"None";"73.0";"2.0";"None";"None";"nan";"60159000BL0088";"60159";"000BL";135
"None";"None";"None";"None";"None";"None";"None";"000001";"2016-11-28";"Vente";"135000";"34";"None";"RUE";"3230";"SAINT CORNEILLE";"60200";"COMPIEGNE";"60";"159";"None";"BL";"48";"None";"6";"None";"None";"None";"None";"None";"None";"None";"None";"None";"1";"3.0";"Dépendance";"None";"0.0";"0.0";"None";"None";"nan";"60159000BL0048";"60159";"000BL";136
"None";"None";"None";"None";"None";"None";"None";"000001";"2016-11-28";"Vente";"135000";"34";"None";"RUE";"3230";"SAINT CORNEILLE";"60200";"COMPIEGNE";"60";"159";"None";"BL";"48";"None";"2";"63";"None";"None";"None";"None";"None";"None";"None";"None";"1";"2.0";"Appartement";"None";"76.0";"3.0";"None";"None";"nan";"60159000BL0048";"60159";"000BL";136
"None";"None";"None";"None";"None";"None";"None";"000001";"2016-12-29";"Vente";"1300000";"32";"None";"RUE";"0310";"D AUSTERLITZ";"60200";"COMPIEGNE";"60";"159";"None";"BL";"31";"None";"None";"None";"None";"None";"None";"None";"None";"None";"None";"None";"0";"4.0";"Local industriel. commercial ou assimilé";"None";"1822.0";"0.0";"S";"None";"940.0";"60159000BL0031";"60159";"000BL";138
"None";"None";"None";"None";"None";"None";"None";"000001";"2016-12-15";"Vente";"217000";"2";"None";"RUE";"0450";"DES BOUCHERIES";"60200";"COMPIEGNE";"60";"159";"None";"BL";"80";"None";"27";"61";"28";"61";"32";"None";"33";"None";"34";"None";"5";"2.0";"Appartement";"None";"108.0";"4.0";"None";"None";"nan";"60159000BL0080";"60159";"000BL";139
"None";"None";"None";"None";"None";"None";"None";"000001";"2016-12-15";"Vente";"217000";"4";"None";"RUE";"0450";"DES BOUCHERIES";"60200";"COMPIEGNE";"60";"159";"None";"BL";"80";"None";"25";"50";"31";"None";"35";"50";"None";"None";"None";"None";"3";"4.0";"Local industriel. commercial ou assimilé";"None";"0.0";"0.0";"None";"None";"nan";"60159000BL0080";"60159";"000BL";139
"None";"None";"None";"None";"None";"None";"None";"000002";"2016-12-15";"Vente";"100000";"2";"None";"RUE";"0450";"DES BOUCHERIES";"60200";"COMPIEGNE";"60";"159";"None";"BL";"80";"None";"29";"46";"30";"None";"None";"None";"None";"None";"None";"None";"2";"2.0";"Appartement";"None";"50.0";"2.0";"None";"None";"nan";"60159000BL0080";"60159";"000BL";141
"None";"None";"None";"None";"None";"None";"None";"000001";"2017-01-03";"Vente";"160000";"24";"None";"RUE";"2930";"DU PRESIDENT SOREL";"60200";"COMPIEGNE";"60";"159";"None";"BL";"88";"None";"1";"140";"None";"None";"None";"None";"None";"None";"None";"None";"1";"4.0";"Local industriel. commercial ou assimilé";"None";"146.0";"0.0";"None";"None";"nan";"60159000BL0088";"60159";"000BL";142
"None";"None";"None";"None";"None";"None";"None";"000001";"2017-01-28";"Vente";"105000";"30";"None";"RUE";"2660";"DE PARIS";"60200";"COMPIEGNE";"60";"159";"None";"BL";"154";"None";"None";"None";"None";"None";"None";"None";"None";"None";"None";"None";"0";"4.0";"Local industriel. commercial ou assimilé";"None";"68.0";"0.0";"S";"None";"33.0";"60159000BL0154";"60159";"000BL";143
"None";"None";"None";"None";"None";"None";"None";"000001";"2017-02-08";"Vente";"230000";"4";"None";"RUE";"2690";"PASTEUR";"60200";"COMPIEGNE";"60";"159";"None";"BL";"114";"None";"4";"None";"8";"91";"9";"None";"None";"None";"None";"None";"3";"2.0";"Appartement";"None";"89.0";"5.0";"None";"None";"nan";"60159000BL0114";"60159";"000BL";144
"None";"None";"None";"None";"None";"None";"None";"000001";"2017-02-08";"Vente";"230000";"None";"None";"PL";"3190";"SAINT ANTOINE";"60200";"COMPIEGNE";"60";"159";"None";"BL";"119";"None";"None";"None";"None";"None";"None";"None";"None";"None";"None";"None";"0";"nan";"None";"None";"nan";"nan";"S";"None";"75.0";"60159000BL0119";"60159";"000BL";144
"None";"None";"None";"None";"None";"None";"None";"000001";"2017-03-08";"Vente";"265000";"30";"None";"RUE";"0310";"D AUSTERLITZ";"60200";"COMPIEGNE";"60";"159";"None";"BL";"175";"None";"17";"None";"None";"None";"None";"None";"None";"None";"None";"None";"1";"3.0";"Dépendance";"None";"0.0";"0.0";"None";"None";"nan";"60159000BL0175";"60159";"000BL";146
"None";"None";"None";"None";"None";"None";"None";"000001";"2017-03-08";"Vente";"265000";"30";"None";"RUE";"0310";"D AUSTERLITZ";"60200";"COMPIEGNE";"60";"159";"None";"BL";"175";"None";"48";"None";"49";"None";"None";"None";"None";"None";"None";"None";"2";"2.0";"Appartement";"None";"113.0";"3.0";"None";"None";"nan";"60159000BL0175";"60159";"000BL";146
"None";"None";"None";"None";"None";"None";"None";"000001";"2017-03-08";"Vente";"265000";"30";"None";"RUE";"0310";"D AUSTERLITZ";"60200";"COMPIEGNE";"60";"159";"None";"BL";"175";"None";"39";"None";"None";"None";"None";"None";"None";"None";"None";"None";"1";"3.0";"Dépendance";"None";"0.0";"0.0";"None";"None";"nan";"60159000BL0175";"60159";"000BL";146
"None";"None";"None";"None";"None";"None";"None";"000001";"2017-03-24";"Vente";"530000";"5";"None";"RUE";"0480";"DE BOUVINES";"60200";"COMPIEGNE";"60";"159";"None";"BL";"34";"None";"None";"None";"None";"None";"None";"None";"None";"None";"None";"None";"0";"1.0";"Maison";"None";"190.0";"8.0";"S";"None";"431.0";"60159000BL0034";"60159";"000BL";149
"None";"None";"None";"None";"None";"None";"None";"000001";"2017-03-29";"Vente";"355000";"22";"None";"RUE";"1040";"DES DOMELIERS";"60200";"COMPIEGNE";"60";"159";"None";"BL";"98";"None";"None";"None";"None";"None";"None";"None";"None";"None";"None";"None";"0";"2.0";"Appartement";"None";"15.0";"1.0";"S";"None";"62.0";"60159000BL0098";"60159";"000BL";150
"None";"None";"None";"None";"None";"None";"None";"000001";"2017-03-29";"Vente";"355000";"22";"None";"RUE";"1040";"DES DOMELIERS";"60200";"COMPIEGNE";"60";"159";"None";"BL";"98";"None";"None";"None";"None";"None";"None";"None";"None";"None";"None";"None";"0";"2.0";"Appartement";"None";"24.0";"1.0";"S";"None";"62.0";"60159000BL0098";"60159";"000BL";150
"None";"None";"None";"None";"None";"None";"None";"000001";"2017-03-29";"Vente";"355000";"22";"None";"RUE";"1040";"DES DOMELIERS";"60200";"COMPIEGNE";"60";"159";"None";"BL";"98";"None";"None";"None";"None";"None";"None";"None";"None";"None";"None";"None";"0";"2.0";"Appartement";"None";"42.0";"2.0";"S";"None";"62.0";"60159000BL0098";"60159";"000BL";150
"None";"None";"None";"None";"None";"None";"None";"000001";"2017-03-29";"Vente";"355000";"22";"None";"RUE";"1040";"DES DOMELIERS";"60200";"COMPIEGNE";"60";"159";"None";"BL";"98";"None";"None";"None";"None";"None";"None";"None";"None";"None";"None";"None";"0";"2.0";"Appartement";"None";"24.0";"1.0";"S";"None";"62.0";"60159000BL0098";"60159";"000BL";150
"None";"None";"None";"None";"None";"None";"None";"000001";"2017-03-29";"Vente";"355000";"22";"None";"RUE";"1040";"DES DOMELIERS";"60200";"COMPIEGNE";"60";"159";"None";"BL";"98";"None";"None";"None";"None";"None";"None";"None";"None";"None";"None";"None";"0";"2.0";"Appartement";"None";"29.0";"2.0";"S";"None";"62.0";"60159000BL0098";"60159";"000BL";150
"None";"None";"None";"None";"None";"None";"None";"000001";"2017-03-29";"Vente";"355000";"22";"None";"RUE";"1040";"DES DOMELIERS";"60200";"COMPIEGNE";"60";"159";"None";"BL";"98";"None";"None";"None";"None";"None";"None";"None";"None";"None";"None";"None";"0";"2.0";"Appartement";"None";"15.0";"1.0";"S";"None";"62.0";"60159000BL0098";"60159";"000BL";150
"None";"None";"None";"None";"None";"None";"None";"000001";"2017-05-12";"Vente";"520000";"15";"T";"RUE";"0480";"DE BOUVINES";"60200";"COMPIEGNE";"60";"159";"None";"BL";"10";"None";"None";"None";"None";"None";"None";"None";"None";"None";"None";"None";"0";"1.0";"Maison";"None";"220.0";"7.0";"S";"None";"454.0";"60159000BL0010";"60159";"000BL";156
"None";"None";"None";"None";"None";"None";"None";"000001";"2017-05-26";"Vente";"350000";"7";"None";"RUE";"2690";"PASTEUR";"60200";"COMPIEGNE";"60";"159";"None";"BL";"103";"None";"1";"None";"4";"136";"5";"None";"None";"None";"None";"None";"3";"1.0";"Maison";"None";"135.0";"5.0";"None";"None";"nan";"60159000BL0103";"60159";"000BL";157
"None";"None";"None";"None";"None";"None";"None";"000001";"2017-05-19";"Vente";"775000";"32";"None";"RUE";"0310";"D AUSTERLITZ";"60200";"COMPIEGNE";"60";"159";"None";"BL";"31";"None";"1";"419";"None";"None";"None";"None";"None";"None";"None";"None";"1";"2.0";"Appartement";"None";"150.0";"7.0";"None";"None";"nan";"60159000BL0031";"60159";"000BL";158
"None";"None";"None";"None";"None";"None";"None";"000001";"2017-06-14";"Vente";"430000";"30";"None";"RUE";"2930";"DU PRESIDENT SOREL";"60200";"COMPIEGNE";"60";"159";"None";"BL";"91";"None";"None";"None";"None";"None";"None";"None";"None";"None";"None";"None";"0";"1.0";"Maison";"None";"126.0";"7.0";"S";"None";"122.0";"60159000BL0091";"60159";"000BL";159
"None";"None";"None";"None";"None";"None";"None";"000001";"2017-07-05";"Vente";"116000";"10";"None";"RUE";"2690";"PASTEUR";"60200";"COMPIEGNE";"60";"159";"None";"BL";"140";"None";"9";"33";"None";"None";"None";"None";"None";"None";"None";"None";"1";"2.0";"Appartement";"None";"41.0";"1.0";"None";"None";"nan";"60159000BL0140";"60159";"000BL";160
"None";"None";"None";"None";"None";"None";"None";"000001";"2017-06-30";"Vente";"240000";"29";"None";"RUE";"0310";"D AUSTERLITZ";"60200";"COMPIEGNE";"60";"159";"None";"BL";"72";"None";"None";"None";"None";"None";"None";"None";"None";"None";"None";"None";"0";"4.0";"Local industriel. commercial ou assimilé";"None";"140.0";"0.0";"S";"None";"126.0";"60159000BL0072";"60159";"000BL";161
"None";"None";"None";"None";"None";"None";"None";"000001";"2017-06-30";"Vente";"240000";"29";"None";"RUE";"0310";"D AUSTERLITZ";"60200";"COMPIEGNE";"60";"159";"None";"BL";"72";"None";"None";"None";"None";"None";"None";"None";"None";"None";"None";"None";"0";"2.0";"Appartement";"None";"108.0";"4.0";"S";"None";"126.0";"60159000BL0072";"60159";"000BL";161
"None";"None";"None";"None";"None";"None";"None";"000001";"2017-07-04";"Vente";"480000";"10";"None";"RUE";"2570";"N D DE BON SECOURS";"60200";"COMPIEGNE";"60";"159";"None";"BL";"13";"None";"None";"None";"None";"None";"None";"None";"None";"None";"None";"None";"0";"1.0";"Maison";"None";"264.0";"47.0";"S";"None";"595.0";"60159000BL0013";"60159";"000BL";163
"None";"None";"None";"None";"None";"None";"None";"000001";"2017-07-04";"Vente";"480000";"10";"None";"RUE";"2570";"N D DE BON SECOURS";"60200";"COMPIEGNE";"60";"159";"None";"BL";"14";"None";"None";"None";"None";"None";"None";"None";"None";"None";"None";"None";"0";"nan";"None";"None";"nan";"nan";"S";"None";"305.0";"60159000BL0014";"60159";"000BL";163
"None";"None";"None";"None";"None";"None";"None";"000001";"2017-07-26";"Vente";"600000";"10";"None";"RUE";"2570";"N D DE BON SECOURS";"60200";"COMPIEGNE";"60";"159";"None";"BL";"13";"None";"None";"None";"None";"None";"None";"None";"None";"None";"None";"None";"0";"1.0";"Maison";"None";"264.0";"47.0";"S";"None";"595.0";"60159000BL0013";"60159";"000BL";165
"None";"None";"None";"None";"None";"None";"None";"000001";"2017-07-26";"Vente";"600000";"10";"None";"RUE";"2570";"N D DE BON SECOURS";"60200";"COMPIEGNE";"60";"159";"None";"BL";"14";"None";"None";"None";"None";"None";"None";"None";"None";"None";"None";"None";"0";"nan";"None";"None";"nan";"nan";"S";"None";"305.0";"60159000BL0014";"60159";"000BL";165
"None";"None";"None";"None";"None";"None";"None";"000001";"2017-08-08";"Vente";"98000";"19";"None";"RUE";"2660";"DE PARIS";"60200";"COMPIEGNE";"60";"159";"None";"BL";"126";"None";"19";"None";"9";"None";"None";"None";"None";"None";"None";"None";"2";"2.0";"Appartement";"None";"56.0";"3.0";"None";"None";"nan";"60159000BL0126";"60159";"000BL";167
"None";"None";"None";"None";"None";"None";"None";"000001";"2017-08-08";"Vente";"98000";"19";"None";"RUE";"2660";"DE PARIS";"60200";"COMPIEGNE";"60";"159";"None";"BL";"126";"None";"4";"None";"5";"None";"6";"None";"7";"None";"8";"None";"5";"2.0";"Appartement";"None";"50.0";"3.0";"None";"None";"nan";"60159000BL0126";"60159";"000BL";167
"None";"None";"None";"None";"None";"None";"None";"000001";"2017-08-26";"Vente";"179000";"42";"None";"RUE";"1990";"JEANNE D ARC";"60200";"COMPIEGNE";"60";"159";"None";"BL";"43";"None";"4";"57";"None";"None";"None";"None";"None";"None";"None";"None";"1";"2.0";"Appartement";"None";"56.0";"3.0";"None";"None";"nan";"60159000BL0043";"60159";"000BL";169
"None";"None";"None";"None";"None";"None";"None";"000001";"2017-08-26";"Vente";"179000";"42";"None";"RUE";"1990";"JEANNE D ARC";"60200";"COMPIEGNE";"60";"159";"None";"BL";"43";"None";"8";"None";"None";"None";"None";"None";"None";"None";"None";"None";"1";"3.0";"Dépendance";"None";"0.0";"0.0";"None";"None";"nan";"60159000BL0043";"60159";"000BL";169
"None";"None";"None";"None";"None";"None";"None";"000001";"2017-09-26";"Vente";"142000";"7";"None";"RUE";"0480";"DE BOUVINES";"60200";"COMPIEGNE";"60";"159";"None";"BL";"33";"None";"19";"None";"None";"None";"None";"None";"None";"None";"None";"None";"1";"3.0";"Dépendance";"None";"0.0";"0.0";"None";"None";"nan";"60159000BL0033";"60159";"000BL";171
"None";"None";"None";"None";"None";"None";"None";"000001";"2017-09-26";"Vente";"142000";"7";"None";"RUE";"0480";"DE BOUVINES";"60200";"COMPIEGNE";"60";"159";"None";"BL";"33";"None";"3";"46";"None";"None";"None";"None";"None";"None";"None";"None";"1";"2.0";"Appartement";"None";"48.0";"2.0";"None";"None";"nan";"60159000BL0033";"60159";"000BL";171
"None";"None";"None";"None";"None";"None";"None";"000001";"2017-10-14";"Vente";"73500";"1";"None";"RUE";"0540";"DES CAPUCINS";"60200";"COMPIEGNE";"60";"159";"None";"BL";"169";"None";"98";"None";"None";"None";"None";"None";"None";"None";"None";"None";"1";"3.0";"Dépendance";"None";"0.0";"0.0";"None";"None";"nan";"60159000BL0169";"60159";"000BL";173
"None";"None";"None";"None";"None";"None";"None";"000001";"2017-10-14";"Vente";"73500";"1";"None";"RUE";"0540";"DES CAPUCINS";"60200";"COMPIEGNE";"60";"159";"None";"BL";"169";"None";"145";"None";"None";"None";"None";"None";"None";"None";"None";"None";"1";"3.0";"Dépendance";"None";"0.0";"0.0";"None";"None";"nan";"60159000BL0169";"60159";"000BL";173
"None";"None";"None";"None";"None";"None";"None";"000001";"2017-10-14";"Vente";"73500";"1";"None";"RUE";"0540";"DES CAPUCINS";"60200";"COMPIEGNE";"60";"159";"None";"BL";"169";"None";"34";"20";"None";"None";"None";"None";"None";"None";"None";"None";"1";"2.0";"Appartement";"None";"18.0";"1.0";"None";"None";"nan";"60159000BL0169";"60159";"000BL";173
"None";"None";"None";"None";"None";"None";"None";"000001";"2017-12-23";"Vente";"75000";"4";"None";"IMP";"1860";"HERSAN";"60200";"COMPIEGNE";"60";"159";"None";"BL";"123";"None";"3";"30";"None";"None";"None";"None";"None";"None";"None";"None";"1";"2.0";"Appartement";"None";"30.0";"1.0";"None";"None";"nan";"60159000BL0123";"60159";"000BL";176
"None";"None";"None";"None";"None";"None";"None";"000001";"2018-02-15";"Vente";"156000";"32";"None";"RUE";"0310";"D AUSTERLITZ";"60200";"COMPIEGNE";"60";"159";"None";"BL";"31";"None";"25";"None";"4";"40";"None";"None";"None";"None";"None";"None";"2";"2.0";"Appartement";"None";"40.0";"2.0";"None";"None";"nan";"60159000BL0031";"60159";"000BL";177
"None";"None";"None";"None";"None";"None";"None";"000001";"2018-02-15";"Vente";"156000";"32";"None";"RUE";"0310";"D AUSTERLITZ";"60200";"COMPIEGNE";"60";"159";"None";"BL";"31";"None";"47";"None";"None";"None";"None";"None";"None";"None";"None";"None";"1";"3.0";"Dépendance";"None";"0.0";"0.0";"None";"None";"nan";"60159000BL0031";"60159";"000BL";177
"None";"None";"None";"None";"None";"None";"None";"000001";"2018-03-24";"Vente";"415000";"46";"None";"RUE";"1990";"JEANNE D ARC";"60200";"COMPIEGNE";"60";"159";"None";"BL";"44";"None";"None";"None";"None";"None";"None";"None";"None";"None";"None";"None";"0";"4.0";"Local industriel. commercial ou assimilé";"None";"60.0";"0.0";"S";"None";"105.0";"60159000BL0044";"60159";"000BL";179
"None";"None";"None";"None";"None";"None";"None";"000001";"2018-03-24";"Vente";"415000";"46";"None";"RUE";"1990";"JEANNE D ARC";"60200";"COMPIEGNE";"60";"159";"None";"BL";"44";"None";"None";"None";"None";"None";"None";"None";"None";"None";"None";"None";"0";"2.0";"Appartement";"None";"37.0";"1.0";"S";"None";"105.0";"60159000BL0044";"60159";"000BL";179
"None";"None";"None";"None";"None";"None";"None";"000001";"2018-03-24";"Vente";"415000";"46";"None";"RUE";"1990";"JEANNE D ARC";"60200";"COMPIEGNE";"60";"159";"None";"BL";"44";"None";"None";"None";"None";"None";"None";"None";"None";"None";"None";"None";"0";"2.0";"Appartement";"None";"53.0";"2.0";"S";"None";"105.0";"60159000BL0044";"60159";"000BL";179
"None";"None";"None";"None";"None";"None";"None";"000001";"2018-03-27";"Vente";"15000";"16";"None";"RUE";"0581";"DU CHANGE";"60200";"COMPIEGNE";"60";"159";"None";"BL";"57";"None";"10";"None";"None";"None";"None";"None";"None";"None";"None";"None";"1";"3.0";"Dépendance";"None";"0.0";"0.0";"None";"None";"nan";"60159000BL0057";"60159";"000BL";182
"None";"None";"None";"None";"None";"None";"None";"000001";"2018-03-27";"Vente";"15000";"None";"None";"None";"B064";"LA VILLE";"60200";"COMPIEGNE";"60";"159";"None";"BL";"59";"None";"None";"None";"None";"None";"None";"None";"None";"None";"None";"None";"0";"nan";"None";"None";"nan";"nan";"S";"None";"482.0";"60159000BL0059";"60159";"000BL";182
"None";"None";"None";"None";"None";"None";"None";"000001";"2018-04-24";"Vente";"100000";"7";"None";"RUE";"0480";"DE BOUVINES";"60200";"COMPIEGNE";"60";"159";"None";"BL";"33";"None";"2";"44";"None";"None";"None";"None";"None";"None";"None";"None";"1";"2.0";"Appartement";"None";"44.0";"1.0";"None";"None";"nan";"60159000BL0033";"60159";"000BL";184
"None";"None";"None";"None";"None";"None";"None";"000001";"2018-05-30";"Vente";"78000";"1";"None";"RUE";"0540";"DES CAPUCINS";"60200";"COMPIEGNE";"60";"159";"None";"BL";"169";"None";"149";"None";"None";"None";"None";"None";"None";"None";"None";"None";"1";"3.0";"Dépendance";"None";"0.0";"0.0";"None";"None";"nan";"60159000BL0169";"60159";"000BL";185
"None";"None";"None";"None";"None";"None";"None";"000001";"2018-05-30";"Vente";"78000";"1";"None";"RUE";"0540";"DES CAPUCINS";"60200";"COMPIEGNE";"60";"159";"None";"BL";"169";"None";"117";"None";"35";"28";"None";"None";"None";"None";"None";"None";"2";"2.0";"Appartement";"None";"28.0";"1.0";"None";"None";"nan";"60159000BL0169";"60159";"000BL";185
"None";"None";"None";"None";"None";"None";"None";"000001";"2018-06-19";"Vente";"335000";"49";"None";"RUE";"3230";"SAINT CORNEILLE";"60200";"COMPIEGNE";"60";"159";"None";"BL";"70";"None";"None";"None";"None";"None";"None";"None";"None";"None";"None";"None";"0";"2.0";"Appartement";"None";"40.0";"2.0";"S";"None";"56.0";"60159000BL0070";"60159";"000BL";187
"None";"None";"None";"None";"None";"None";"None";"000001";"2018-06-19";"Vente";"335000";"49";"None";"RUE";"3230";"SAINT CORNEILLE";"60200";"COMPIEGNE";"60";"159";"None";"BL";"70";"None";"None";"None";"None";"None";"None";"None";"None";"None";"None";"None";"0";"2.0";"Appartement";"None";"43.0";"3.0";"S";"None";"56.0";"60159000BL0070";"60159";"000BL";187
"None";"None";"None";"None";"None";"None";"None";"000001";"2018-06-19";"Vente";"335000";"49";"None";"RUE";"3230";"SAINT CORNEILLE";"60200";"COMPIEGNE";"60";"159";"None";"BL";"70";"None";"None";"None";"None";"None";"None";"None";"None";"None";"None";"None";"0";"4.0";"Local industriel. commercial ou assimilé";"None";"80.0";"0.0";"S";"None";"56.0";"60159000BL0070";"60159";"000BL";187